{"cameraMode":{"drawMode":0,"name":"Shaded","section":"Shading Mode"},"sceneLighting":false,"audioPlay":false,"sceneViewState":{"m_AlwaysRefresh":false,"showFog":true,"showSkybox":false,"showFlares":true,"showImageEffects":true,"showParticleSystems":true,"showVisualEffectGraphs":true,"m_FxEnabled":true},"in2DMode":false,"pivot":{"x":0.12886929512023927,"y":3.5142602920532228,"z":-0.38628053665161135},"rotation":{"x":-0.1758260577917099,"y":0.5182342529296875,"z":-0.10980772972106934,"w":-0.8297562599182129},"size":5.697073936462402,"orthographic":false}